system:index,date,precipitation,.geo
PRCP_CU_GAUGE_V1_0GLB_0_50deg_lnx_20110101_RT,2011-01-01,3.323270105983198,"{""type"":""MultiPoint"",""coordinates"":[]}"
PRCP_CU_GAUGE_V1_0GLB_0_50deg_lnx_20110102_RT,2011-01-02,0.12538206341351496,"{""type"":""MultiPoint"",""coordinates"":[]}"
PRCP_CU_GAUGE_V1_0GLB_0_50deg_lnx_20110103_RT,2011-01-03,0.0017793347089908199,"{""type"":""MultiPoint"",""coordinates"":[]}"
PRCP_CU_GAUGE_V1_0GLB_0_50deg_lnx_20110104_RT,2011-01-04,0.21271547788832093,"{""type"":""MultiPoint"",""coordinates"":[]}"
PRCP_CU_GAUGE_V1_0GLB_0_50deg_lnx_20110105_RT,2011-01-05,0.17779718480865953,"{""type"":""MultiPoint"",""coordinates"":[]}"
PRCP_CU_GAUGE_V1_0GLB_0_50deg_lnx_20110106_RT,2011-01-06,0.047893521895934925,"{""type"":""MultiPoint"",""coordinates"":[]}"
PRCP_CU_GAUGE_V1_0GLB_0_50deg_lnx_20110107_RT,2011-01-07,0.0,"{""type"":""MultiPoint"",""coordinates"":[]}"
PRCP_CU_GAUGE_V1_0GLB_0_50deg_lnx_20110108_RT,2011-01-08,0.08334608338883476,"{""type"":""MultiPoint"",""coordinates"":[]}"
PRCP_CU_GAUGE_V1_0GLB_0_50deg_lnx_20110109_RT,2011-01-09,1.0103162567553836,"{""type"":""MultiPoint"",""coordinates"":[]}"
PRCP_CU_GAUGE_V1_0GLB_0_50deg_lnx_20110110_RT,2011-01-10,41.74707338919765,"{""type"":""MultiPoint"",""coordinates"":[]}"
PRCP_CU_GAUGE_V1_0GLB_0_50deg_lnx_20110111_RT,2011-01-11,24.39927110819071,"{""type"":""MultiPoint"",""coordinates"":[]}"
PRCP_CU_GAUGE_V1_0GLB_0_50deg_lnx_20110112_RT,2011-01-12,0.019080769264312167,"{""type"":""MultiPoint"",""coordinates"":[]}"
PRCP_CU_GAUGE_V1_0GLB_0_50deg_lnx_20110113_RT,2011-01-13,0.5376531411398902,"{""type"":""MultiPoint"",""coordinates"":[]}"
PRCP_CU_GAUGE_V1_0GLB_0_50deg_lnx_20110114_RT,2011-01-14,1.8560119436590017,"{""type"":""MultiPoint"",""coordinates"":[]}"
PRCP_CU_GAUGE_V1_0GLB_0_50deg_lnx_20110115_RT,2011-01-15,1.8580825765066313,"{""type"":""MultiPoint"",""coordinates"":[]}"
PRCP_CU_GAUGE_V1_0GLB_0_50deg_lnx_20110116_RT,2011-01-16,0.21310012315748236,"{""type"":""MultiPoint"",""coordinates"":[]}"
PRCP_CU_GAUGE_V1_0GLB_0_50deg_lnx_20110117_RT,2011-01-17,0.052339762577527,"{""type"":""MultiPoint"",""coordinates"":[]}"
PRCP_CU_GAUGE_V1_0GLB_0_50deg_lnx_20110118_RT,2011-01-18,9.937016990398847,"{""type"":""MultiPoint"",""coordinates"":[]}"
PRCP_CU_GAUGE_V1_0GLB_0_50deg_lnx_20110119_RT,2011-01-19,0.029788985633319942,"{""type"":""MultiPoint"",""coordinates"":[]}"
PRCP_CU_GAUGE_V1_0GLB_0_50deg_lnx_20110120_RT,2011-01-20,31.782849040152627,"{""type"":""MultiPoint"",""coordinates"":[]}"
PRCP_CU_GAUGE_V1_0GLB_0_50deg_lnx_20110121_RT,2011-01-21,0.5919711161803997,"{""type"":""MultiPoint"",""coordinates"":[]}"
PRCP_CU_GAUGE_V1_0GLB_0_50deg_lnx_20110122_RT,2011-01-22,0.4696171201246474,"{""type"":""MultiPoint"",""coordinates"":[]}"
PRCP_CU_GAUGE_V1_0GLB_0_50deg_lnx_20110123_RT,2011-01-23,3.207110935689023,"{""type"":""MultiPoint"",""coordinates"":[]}"
PRCP_CU_GAUGE_V1_0GLB_0_50deg_lnx_20110124_RT,2011-01-24,0.1412555756448021,"{""type"":""MultiPoint"",""coordinates"":[]}"
PRCP_CU_GAUGE_V1_0GLB_0_50deg_lnx_20110125_RT,2011-01-25,0.02597600647839454,"{""type"":""MultiPoint"",""coordinates"":[]}"
PRCP_CU_GAUGE_V1_0GLB_0_50deg_lnx_20110126_RT,2011-01-26,0.13282856242032282,"{""type"":""MultiPoint"",""coordinates"":[]}"
PRCP_CU_GAUGE_V1_0GLB_0_50deg_lnx_20110127_RT,2011-01-27,0.0,"{""type"":""MultiPoint"",""coordinates"":[]}"
PRCP_CU_GAUGE_V1_0GLB_0_50deg_lnx_20110128_RT,2011-01-28,0.0,"{""type"":""MultiPoint"",""coordinates"":[]}"
PRCP_CU_GAUGE_V1_0GLB_0_50deg_lnx_20110129_RT,2011-01-29,0.0,"{""type"":""MultiPoint"",""coordinates"":[]}"
PRCP_CU_GAUGE_V1_0GLB_0_50deg_lnx_20110130_RT,2011-01-30,0.0,"{""type"":""MultiPoint"",""coordinates"":[]}"
PRCP_CU_GAUGE_V1_0GLB_0_50deg_lnx_20110131_RT,2011-01-31,0.18012267447213767,"{""type"":""MultiPoint"",""coordinates"":[]}"
PRCP_CU_GAUGE_V1_0GLB_0_50deg_lnx_20110201_RT,2011-02-01,13.995350291984055,"{""type"":""MultiPoint"",""coordinates"":[]}"
PRCP_CU_GAUGE_V1_0GLB_0_50deg_lnx_20110202_RT,2011-02-02,39.02559158034302,"{""type"":""MultiPoint"",""coordinates"":[]}"
PRCP_CU_GAUGE_V1_0GLB_0_50deg_lnx_20110203_RT,2011-02-03,0.19256217799106112,"{""type"":""MultiPoint"",""coordinates"":[]}"
PRCP_CU_GAUGE_V1_0GLB_0_50deg_lnx_20110204_RT,2011-02-04,0.34398187629729543,"{""type"":""MultiPoint"",""coordinates"":[]}"
PRCP_CU_GAUGE_V1_0GLB_0_50deg_lnx_20110205_RT,2011-02-05,3.713452642792373,"{""type"":""MultiPoint"",""coordinates"":[]}"
PRCP_CU_GAUGE_V1_0GLB_0_50deg_lnx_20110206_RT,2011-02-06,2.7349829192542283,"{""type"":""MultiPoint"",""coordinates"":[]}"
PRCP_CU_GAUGE_V1_0GLB_0_50deg_lnx_20110207_RT,2011-02-07,0.4748217371411573,"{""type"":""MultiPoint"",""coordinates"":[]}"
PRCP_CU_GAUGE_V1_0GLB_0_50deg_lnx_20110208_RT,2011-02-08,7.962007203658341,"{""type"":""MultiPoint"",""coordinates"":[]}"
PRCP_CU_GAUGE_V1_0GLB_0_50deg_lnx_20110209_RT,2011-02-09,71.50266648181122,"{""type"":""MultiPoint"",""coordinates"":[]}"
PRCP_CU_GAUGE_V1_0GLB_0_50deg_lnx_20110210_RT,2011-02-10,1.9565639974041542,"{""type"":""MultiPoint"",""coordinates"":[]}"
PRCP_CU_GAUGE_V1_0GLB_0_50deg_lnx_20110211_RT,2011-02-11,1.3288547323576951,"{""type"":""MultiPoint"",""coordinates"":[]}"
PRCP_CU_GAUGE_V1_0GLB_0_50deg_lnx_20110212_RT,2011-02-12,0.44376190356649015,"{""type"":""MultiPoint"",""coordinates"":[]}"
PRCP_CU_GAUGE_V1_0GLB_0_50deg_lnx_20110213_RT,2011-02-13,0.0982729440133614,"{""type"":""MultiPoint"",""coordinates"":[]}"
PRCP_CU_GAUGE_V1_0GLB_0_50deg_lnx_20110214_RT,2011-02-14,0.0,"{""type"":""MultiPoint"",""coordinates"":[]}"
PRCP_CU_GAUGE_V1_0GLB_0_50deg_lnx_20110215_RT,2011-02-15,0.0,"{""type"":""MultiPoint"",""coordinates"":[]}"
PRCP_CU_GAUGE_V1_0GLB_0_50deg_lnx_20110216_RT,2011-02-16,0.1529743880825781,"{""type"":""MultiPoint"",""coordinates"":[]}"
PRCP_CU_GAUGE_V1_0GLB_0_50deg_lnx_20110217_RT,2011-02-17,0.10466167363742751,"{""type"":""MultiPoint"",""coordinates"":[]}"
PRCP_CU_GAUGE_V1_0GLB_0_50deg_lnx_20110218_RT,2011-02-18,0.20440757789013686,"{""type"":""MultiPoint"",""coordinates"":[]}"
PRCP_CU_GAUGE_V1_0GLB_0_50deg_lnx_20110219_RT,2011-02-19,0.3745783315072153,"{""type"":""MultiPoint"",""coordinates"":[]}"
PRCP_CU_GAUGE_V1_0GLB_0_50deg_lnx_20110220_RT,2011-02-20,1.2801481635467327,"{""type"":""MultiPoint"",""coordinates"":[]}"
PRCP_CU_GAUGE_V1_0GLB_0_50deg_lnx_20110221_RT,2011-02-21,10.052576595343336,"{""type"":""MultiPoint"",""coordinates"":[]}"
PRCP_CU_GAUGE_V1_0GLB_0_50deg_lnx_20110222_RT,2011-02-22,0.5139089665888115,"{""type"":""MultiPoint"",""coordinates"":[]}"
PRCP_CU_GAUGE_V1_0GLB_0_50deg_lnx_20110223_RT,2011-02-23,0.968899075168671,"{""type"":""MultiPoint"",""coordinates"":[]}"
PRCP_CU_GAUGE_V1_0GLB_0_50deg_lnx_20110224_RT,2011-02-24,15.026751375399842,"{""type"":""MultiPoint"",""coordinates"":[]}"
PRCP_CU_GAUGE_V1_0GLB_0_50deg_lnx_20110225_RT,2011-02-25,86.48922993167521,"{""type"":""MultiPoint"",""coordinates"":[]}"
PRCP_CU_GAUGE_V1_0GLB_0_50deg_lnx_20110226_RT,2011-02-26,1.2374491748165135,"{""type"":""MultiPoint"",""coordinates"":[]}"
PRCP_CU_GAUGE_V1_0GLB_0_50deg_lnx_20110227_RT,2011-02-27,4.2423676150810605,"{""type"":""MultiPoint"",""coordinates"":[]}"
PRCP_CU_GAUGE_V1_0GLB_0_50deg_lnx_20110228_RT,2011-02-28,53.1371319642342,"{""type"":""MultiPoint"",""coordinates"":[]}"
PRCP_CU_GAUGE_V1_0GLB_0_50deg_lnx_20110301_RT,2011-03-01,0.159156005875333,"{""type"":""MultiPoint"",""coordinates"":[]}"
PRCP_CU_GAUGE_V1_0GLB_0_50deg_lnx_20110302_RT,2011-03-02,0.0,"{""type"":""MultiPoint"",""coordinates"":[]}"
PRCP_CU_GAUGE_V1_0GLB_0_50deg_lnx_20110303_RT,2011-03-03,0.14369902872621323,"{""type"":""MultiPoint"",""coordinates"":[]}"
PRCP_CU_GAUGE_V1_0GLB_0_50deg_lnx_20110304_RT,2011-03-04,1.0509934812893753,"{""type"":""MultiPoint"",""coordinates"":[]}"
PRCP_CU_GAUGE_V1_0GLB_0_50deg_lnx_20110305_RT,2011-03-05,11.698153588601844,"{""type"":""MultiPoint"",""coordinates"":[]}"
PRCP_CU_GAUGE_V1_0GLB_0_50deg_lnx_20110306_RT,2011-03-06,0.0,"{""type"":""MultiPoint"",""coordinates"":[]}"
PRCP_CU_GAUGE_V1_0GLB_0_50deg_lnx_20110307_RT,2011-03-07,0.12889952793026635,"{""type"":""MultiPoint"",""coordinates"":[]}"
PRCP_CU_GAUGE_V1_0GLB_0_50deg_lnx_20110308_RT,2011-03-08,55.19101421122503,"{""type"":""MultiPoint"",""coordinates"":[]}"
PRCP_CU_GAUGE_V1_0GLB_0_50deg_lnx_20110309_RT,2011-03-09,59.89890581164711,"{""type"":""MultiPoint"",""coordinates"":[]}"
PRCP_CU_GAUGE_V1_0GLB_0_50deg_lnx_20110310_RT,2011-03-10,1.345103523793599,"{""type"":""MultiPoint"",""coordinates"":[]}"
PRCP_CU_GAUGE_V1_0GLB_0_50deg_lnx_20110311_RT,2011-03-11,0.0,"{""type"":""MultiPoint"",""coordinates"":[]}"
PRCP_CU_GAUGE_V1_0GLB_0_50deg_lnx_20110312_RT,2011-03-12,0.0,"{""type"":""MultiPoint"",""coordinates"":[]}"
PRCP_CU_GAUGE_V1_0GLB_0_50deg_lnx_20110313_RT,2011-03-13,0.0,"{""type"":""MultiPoint"",""coordinates"":[]}"
PRCP_CU_GAUGE_V1_0GLB_0_50deg_lnx_20110314_RT,2011-03-14,46.21832052495212,"{""type"":""MultiPoint"",""coordinates"":[]}"
PRCP_CU_GAUGE_V1_0GLB_0_50deg_lnx_20110315_RT,2011-03-15,9.964429243669576,"{""type"":""MultiPoint"",""coordinates"":[]}"
PRCP_CU_GAUGE_V1_0GLB_0_50deg_lnx_20110316_RT,2011-03-16,0.0,"{""type"":""MultiPoint"",""coordinates"":[]}"
PRCP_CU_GAUGE_V1_0GLB_0_50deg_lnx_20110317_RT,2011-03-17,0.002640905479144742,"{""type"":""MultiPoint"",""coordinates"":[]}"
PRCP_CU_GAUGE_V1_0GLB_0_50deg_lnx_20110318_RT,2011-03-18,8.182478177646857E-4,"{""type"":""MultiPoint"",""coordinates"":[]}"
PRCP_CU_GAUGE_V1_0GLB_0_50deg_lnx_20110319_RT,2011-03-19,0.3454758900142641,"{""type"":""MultiPoint"",""coordinates"":[]}"
PRCP_CU_GAUGE_V1_0GLB_0_50deg_lnx_20110320_RT,2011-03-20,66.12873837146577,"{""type"":""MultiPoint"",""coordinates"":[]}"
PRCP_CU_GAUGE_V1_0GLB_0_50deg_lnx_20110321_RT,2011-03-21,1.283761104230313,"{""type"":""MultiPoint"",""coordinates"":[]}"
PRCP_CU_GAUGE_V1_0GLB_0_50deg_lnx_20110322_RT,2011-03-22,0.0,"{""type"":""MultiPoint"",""coordinates"":[]}"
PRCP_CU_GAUGE_V1_0GLB_0_50deg_lnx_20110323_RT,2011-03-23,2.712382833569998,"{""type"":""MultiPoint"",""coordinates"":[]}"
PRCP_CU_GAUGE_V1_0GLB_0_50deg_lnx_20110324_RT,2011-03-24,0.010032352979628054,"{""type"":""MultiPoint"",""coordinates"":[]}"
PRCP_CU_GAUGE_V1_0GLB_0_50deg_lnx_20110325_RT,2011-03-25,10.091214465162926,"{""type"":""MultiPoint"",""coordinates"":[]}"
PRCP_CU_GAUGE_V1_0GLB_0_50deg_lnx_20110326_RT,2011-03-26,10.619144853152713,"{""type"":""MultiPoint"",""coordinates"":[]}"
PRCP_CU_GAUGE_V1_0GLB_0_50deg_lnx_20110327_RT,2011-03-27,13.084668000775403,"{""type"":""MultiPoint"",""coordinates"":[]}"
PRCP_CU_GAUGE_V1_0GLB_0_50deg_lnx_20110328_RT,2011-03-28,11.986789012989641,"{""type"":""MultiPoint"",""coordinates"":[]}"
PRCP_CU_GAUGE_V1_0GLB_0_50deg_lnx_20110329_RT,2011-03-29,4.898299365017238,"{""type"":""MultiPoint"",""coordinates"":[]}"
PRCP_CU_GAUGE_V1_0GLB_0_50deg_lnx_20110330_RT,2011-03-30,15.114807490121457,"{""type"":""MultiPoint"",""coordinates"":[]}"
PRCP_CU_GAUGE_V1_0GLB_0_50deg_lnx_20110331_RT,2011-03-31,6.970838204551298,"{""type"":""MultiPoint"",""coordinates"":[]}"
PRCP_CU_GAUGE_V1_0GLB_0_50deg_lnx_20110401_RT,2011-04-01,12.73557691546493,"{""type"":""MultiPoint"",""coordinates"":[]}"
PRCP_CU_GAUGE_V1_0GLB_0_50deg_lnx_20110402_RT,2011-04-02,0.6009542144327956,"{""type"":""MultiPoint"",""coordinates"":[]}"
PRCP_CU_GAUGE_V1_0GLB_0_50deg_lnx_20110403_RT,2011-04-03,0.03111658447004482,"{""type"":""MultiPoint"",""coordinates"":[]}"
PRCP_CU_GAUGE_V1_0GLB_0_50deg_lnx_20110404_RT,2011-04-04,28.561159844498658,"{""type"":""MultiPoint"",""coordinates"":[]}"
PRCP_CU_GAUGE_V1_0GLB_0_50deg_lnx_20110405_RT,2011-04-05,1.8813293998691731,"{""type"":""MultiPoint"",""coordinates"":[]}"
PRCP_CU_GAUGE_V1_0GLB_0_50deg_lnx_20110406_RT,2011-04-06,0.0,"{""type"":""MultiPoint"",""coordinates"":[]}"
PRCP_CU_GAUGE_V1_0GLB_0_50deg_lnx_20110407_RT,2011-04-07,0.1111829149778366,"{""type"":""MultiPoint"",""coordinates"":[]}"
PRCP_CU_GAUGE_V1_0GLB_0_50deg_lnx_20110408_RT,2011-04-08,22.352153055963733,"{""type"":""MultiPoint"",""coordinates"":[]}"
PRCP_CU_GAUGE_V1_0GLB_0_50deg_lnx_20110409_RT,2011-04-09,19.998600811689442,"{""type"":""MultiPoint"",""coordinates"":[]}"
PRCP_CU_GAUGE_V1_0GLB_0_50deg_lnx_20110410_RT,2011-04-10,0.9354710612239979,"{""type"":""MultiPoint"",""coordinates"":[]}"
PRCP_CU_GAUGE_V1_0GLB_0_50deg_lnx_20110411_RT,2011-04-11,1.308887499141167,"{""type"":""MultiPoint"",""coordinates"":[]}"
PRCP_CU_GAUGE_V1_0GLB_0_50deg_lnx_20110412_RT,2011-04-12,0.09903358805503458,"{""type"":""MultiPoint"",""coordinates"":[]}"
PRCP_CU_GAUGE_V1_0GLB_0_50deg_lnx_20110413_RT,2011-04-13,0.0066474817995852776,"{""type"":""MultiPoint"",""coordinates"":[]}"
PRCP_CU_GAUGE_V1_0GLB_0_50deg_lnx_20110414_RT,2011-04-14,0.6268717155781047,"{""type"":""MultiPoint"",""coordinates"":[]}"
PRCP_CU_GAUGE_V1_0GLB_0_50deg_lnx_20110415_RT,2011-04-15,108.14604426264137,"{""type"":""MultiPoint"",""coordinates"":[]}"
PRCP_CU_GAUGE_V1_0GLB_0_50deg_lnx_20110416_RT,2011-04-16,43.443236676440485,"{""type"":""MultiPoint"",""coordinates"":[]}"
PRCP_CU_GAUGE_V1_0GLB_0_50deg_lnx_20110417_RT,2011-04-17,0.006959212510524646,"{""type"":""MultiPoint"",""coordinates"":[]}"
PRCP_CU_GAUGE_V1_0GLB_0_50deg_lnx_20110418_RT,2011-04-18,0.011918621268505836,"{""type"":""MultiPoint"",""coordinates"":[]}"
PRCP_CU_GAUGE_V1_0GLB_0_50deg_lnx_20110419_RT,2011-04-19,6.3511555322469215,"{""type"":""MultiPoint"",""coordinates"":[]}"
PRCP_CU_GAUGE_V1_0GLB_0_50deg_lnx_20110420_RT,2011-04-20,0.5837637721813494,"{""type"":""MultiPoint"",""coordinates"":[]}"
PRCP_CU_GAUGE_V1_0GLB_0_50deg_lnx_20110421_RT,2011-04-21,0.03744496422092722,"{""type"":""MultiPoint"",""coordinates"":[]}"
PRCP_CU_GAUGE_V1_0GLB_0_50deg_lnx_20110422_RT,2011-04-22,42.97465275164426,"{""type"":""MultiPoint"",""coordinates"":[]}"
PRCP_CU_GAUGE_V1_0GLB_0_50deg_lnx_20110423_RT,2011-04-23,8.091405977380363,"{""type"":""MultiPoint"",""coordinates"":[]}"
PRCP_CU_GAUGE_V1_0GLB_0_50deg_lnx_20110424_RT,2011-04-24,4.040735126611878,"{""type"":""MultiPoint"",""coordinates"":[]}"
PRCP_CU_GAUGE_V1_0GLB_0_50deg_lnx_20110425_RT,2011-04-25,52.99290756047797,"{""type"":""MultiPoint"",""coordinates"":[]}"
PRCP_CU_GAUGE_V1_0GLB_0_50deg_lnx_20110426_RT,2011-04-26,107.85869731051098,"{""type"":""MultiPoint"",""coordinates"":[]}"
PRCP_CU_GAUGE_V1_0GLB_0_50deg_lnx_20110427_RT,2011-04-27,56.75647132257265,"{""type"":""MultiPoint"",""coordinates"":[]}"
PRCP_CU_GAUGE_V1_0GLB_0_50deg_lnx_20110428_RT,2011-04-28,3.6251377537105047,"{""type"":""MultiPoint"",""coordinates"":[]}"
PRCP_CU_GAUGE_V1_0GLB_0_50deg_lnx_20110429_RT,2011-04-29,0.001697315885316713,"{""type"":""MultiPoint"",""coordinates"":[]}"
PRCP_CU_GAUGE_V1_0GLB_0_50deg_lnx_20110430_RT,2011-04-30,0.049906293688296716,"{""type"":""MultiPoint"",""coordinates"":[]}"
PRCP_CU_GAUGE_V1_0GLB_0_50deg_lnx_20110501_RT,2011-05-01,0.0,"{""type"":""MultiPoint"",""coordinates"":[]}"
PRCP_CU_GAUGE_V1_0GLB_0_50deg_lnx_20110502_RT,2011-05-02,8.971514702166589,"{""type"":""MultiPoint"",""coordinates"":[]}"
PRCP_CU_GAUGE_V1_0GLB_0_50deg_lnx_20110503_RT,2011-05-03,2.176907632227709,"{""type"":""MultiPoint"",""coordinates"":[]}"
PRCP_CU_GAUGE_V1_0GLB_0_50deg_lnx_20110504_RT,2011-05-04,0.3378538065300622,"{""type"":""MultiPoint"",""coordinates"":[]}"
PRCP_CU_GAUGE_V1_0GLB_0_50deg_lnx_20110505_RT,2011-05-05,3.030748055401265,"{""type"":""MultiPoint"",""coordinates"":[]}"
PRCP_CU_GAUGE_V1_0GLB_0_50deg_lnx_20110506_RT,2011-05-06,12.928202409928852,"{""type"":""MultiPoint"",""coordinates"":[]}"
PRCP_CU_GAUGE_V1_0GLB_0_50deg_lnx_20110507_RT,2011-05-07,6.816881402159264,"{""type"":""MultiPoint"",""coordinates"":[]}"
PRCP_CU_GAUGE_V1_0GLB_0_50deg_lnx_20110508_RT,2011-05-08,0.6535959184225884,"{""type"":""MultiPoint"",""coordinates"":[]}"
PRCP_CU_GAUGE_V1_0GLB_0_50deg_lnx_20110509_RT,2011-05-09,0.3829188976344331,"{""type"":""MultiPoint"",""coordinates"":[]}"
PRCP_CU_GAUGE_V1_0GLB_0_50deg_lnx_20110510_RT,2011-05-10,0.0,"{""type"":""MultiPoint"",""coordinates"":[]}"
PRCP_CU_GAUGE_V1_0GLB_0_50deg_lnx_20110511_RT,2011-05-11,3.1487161744408336,"{""type"":""MultiPoint"",""coordinates"":[]}"
PRCP_CU_GAUGE_V1_0GLB_0_50deg_lnx_20110512_RT,2011-05-12,67.70977441306916,"{""type"":""MultiPoint"",""coordinates"":[]}"
PRCP_CU_GAUGE_V1_0GLB_0_50deg_lnx_20110513_RT,2011-05-13,14.518850478454974,"{""type"":""MultiPoint"",""coordinates"":[]}"
PRCP_CU_GAUGE_V1_0GLB_0_50deg_lnx_20110514_RT,2011-05-14,5.225494955139534,"{""type"":""MultiPoint"",""coordinates"":[]}"
PRCP_CU_GAUGE_V1_0GLB_0_50deg_lnx_20110515_RT,2011-05-15,8.197950060128374E-4,"{""type"":""MultiPoint"",""coordinates"":[]}"
PRCP_CU_GAUGE_V1_0GLB_0_50deg_lnx_20110516_RT,2011-05-16,0.06028443376900186,"{""type"":""MultiPoint"",""coordinates"":[]}"
PRCP_CU_GAUGE_V1_0GLB_0_50deg_lnx_20110517_RT,2011-05-17,0.0,"{""type"":""MultiPoint"",""coordinates"":[]}"
PRCP_CU_GAUGE_V1_0GLB_0_50deg_lnx_20110518_RT,2011-05-18,20.459712738176393,"{""type"":""MultiPoint"",""coordinates"":[]}"
PRCP_CU_GAUGE_V1_0GLB_0_50deg_lnx_20110519_RT,2011-05-19,96.97247784665925,"{""type"":""MultiPoint"",""coordinates"":[]}"
PRCP_CU_GAUGE_V1_0GLB_0_50deg_lnx_20110520_RT,2011-05-20,119.83800874837391,"{""type"":""MultiPoint"",""coordinates"":[]}"
PRCP_CU_GAUGE_V1_0GLB_0_50deg_lnx_20110521_RT,2011-05-21,81.16840536107473,"{""type"":""MultiPoint"",""coordinates"":[]}"
PRCP_CU_GAUGE_V1_0GLB_0_50deg_lnx_20110522_RT,2011-05-22,15.322479795422385,"{""type"":""MultiPoint"",""coordinates"":[]}"
PRCP_CU_GAUGE_V1_0GLB_0_50deg_lnx_20110523_RT,2011-05-23,12.588689816040294,"{""type"":""MultiPoint"",""coordinates"":[]}"
PRCP_CU_GAUGE_V1_0GLB_0_50deg_lnx_20110524_RT,2011-05-24,52.90088841785304,"{""type"":""MultiPoint"",""coordinates"":[]}"
PRCP_CU_GAUGE_V1_0GLB_0_50deg_lnx_20110525_RT,2011-05-25,239.90200905012978,"{""type"":""MultiPoint"",""coordinates"":[]}"
PRCP_CU_GAUGE_V1_0GLB_0_50deg_lnx_20110526_RT,2011-05-26,67.0285577638577,"{""type"":""MultiPoint"",""coordinates"":[]}"
PRCP_CU_GAUGE_V1_0GLB_0_50deg_lnx_20110527_RT,2011-05-27,0.10188875979269009,"{""type"":""MultiPoint"",""coordinates"":[]}"
PRCP_CU_GAUGE_V1_0GLB_0_50deg_lnx_20110528_RT,2011-05-28,15.33678680439893,"{""type"":""MultiPoint"",""coordinates"":[]}"
PRCP_CU_GAUGE_V1_0GLB_0_50deg_lnx_20110529_RT,2011-05-29,4.731981186922527,"{""type"":""MultiPoint"",""coordinates"":[]}"
PRCP_CU_GAUGE_V1_0GLB_0_50deg_lnx_20110530_RT,2011-05-30,2.077797909842006,"{""type"":""MultiPoint"",""coordinates"":[]}"
PRCP_CU_GAUGE_V1_0GLB_0_50deg_lnx_20110531_RT,2011-05-31,69.44430605389259,"{""type"":""MultiPoint"",""coordinates"":[]}"
PRCP_CU_GAUGE_V1_0GLB_0_50deg_lnx_20110601_RT,2011-06-01,1.3880728925799162,"{""type"":""MultiPoint"",""coordinates"":[]}"
PRCP_CU_GAUGE_V1_0GLB_0_50deg_lnx_20110602_RT,2011-06-02,132.54355535662287,"{""type"":""MultiPoint"",""coordinates"":[]}"
PRCP_CU_GAUGE_V1_0GLB_0_50deg_lnx_20110603_RT,2011-06-03,0.709167325500949,"{""type"":""MultiPoint"",""coordinates"":[]}"
PRCP_CU_GAUGE_V1_0GLB_0_50deg_lnx_20110604_RT,2011-06-04,6.440548512155749,"{""type"":""MultiPoint"",""coordinates"":[]}"
PRCP_CU_GAUGE_V1_0GLB_0_50deg_lnx_20110605_RT,2011-06-05,1.1215195130587885,"{""type"":""MultiPoint"",""coordinates"":[]}"
PRCP_CU_GAUGE_V1_0GLB_0_50deg_lnx_20110606_RT,2011-06-06,0.0,"{""type"":""MultiPoint"",""coordinates"":[]}"
PRCP_CU_GAUGE_V1_0GLB_0_50deg_lnx_20110607_RT,2011-06-07,6.108688878487185E-4,"{""type"":""MultiPoint"",""coordinates"":[]}"
PRCP_CU_GAUGE_V1_0GLB_0_50deg_lnx_20110608_RT,2011-06-08,0.0,"{""type"":""MultiPoint"",""coordinates"":[]}"
PRCP_CU_GAUGE_V1_0GLB_0_50deg_lnx_20110609_RT,2011-06-09,2.613501682131347,"{""type"":""MultiPoint"",""coordinates"":[]}"
PRCP_CU_GAUGE_V1_0GLB_0_50deg_lnx_20110610_RT,2011-06-10,27.748027230461044,"{""type"":""MultiPoint"",""coordinates"":[]}"
PRCP_CU_GAUGE_V1_0GLB_0_50deg_lnx_20110611_RT,2011-06-11,15.763553620859115,"{""type"":""MultiPoint"",""coordinates"":[]}"
PRCP_CU_GAUGE_V1_0GLB_0_50deg_lnx_20110612_RT,2011-06-12,96.44046744693956,"{""type"":""MultiPoint"",""coordinates"":[]}"
PRCP_CU_GAUGE_V1_0GLB_0_50deg_lnx_20110613_RT,2011-06-13,11.417129250507678,"{""type"":""MultiPoint"",""coordinates"":[]}"
PRCP_CU_GAUGE_V1_0GLB_0_50deg_lnx_20110614_RT,2011-06-14,0.7440005546305611,"{""type"":""MultiPoint"",""coordinates"":[]}"
PRCP_CU_GAUGE_V1_0GLB_0_50deg_lnx_20110615_RT,2011-06-15,3.2332643027214694,"{""type"":""MultiPoint"",""coordinates"":[]}"
PRCP_CU_GAUGE_V1_0GLB_0_50deg_lnx_20110616_RT,2011-06-16,15.601361601131225,"{""type"":""MultiPoint"",""coordinates"":[]}"
PRCP_CU_GAUGE_V1_0GLB_0_50deg_lnx_20110617_RT,2011-06-17,83.41850279534673,"{""type"":""MultiPoint"",""coordinates"":[]}"
PRCP_CU_GAUGE_V1_0GLB_0_50deg_lnx_20110618_RT,2011-06-18,83.65401013469007,"{""type"":""MultiPoint"",""coordinates"":[]}"
PRCP_CU_GAUGE_V1_0GLB_0_50deg_lnx_20110619_RT,2011-06-19,49.38499772818697,"{""type"":""MultiPoint"",""coordinates"":[]}"
PRCP_CU_GAUGE_V1_0GLB_0_50deg_lnx_20110620_RT,2011-06-20,1.229564117552143,"{""type"":""MultiPoint"",""coordinates"":[]}"
PRCP_CU_GAUGE_V1_0GLB_0_50deg_lnx_20110621_RT,2011-06-21,100.60647232605666,"{""type"":""MultiPoint"",""coordinates"":[]}"
PRCP_CU_GAUGE_V1_0GLB_0_50deg_lnx_20110622_RT,2011-06-22,0.5013341690263096,"{""type"":""MultiPoint"",""coordinates"":[]}"
PRCP_CU_GAUGE_V1_0GLB_0_50deg_lnx_20110623_RT,2011-06-23,0.34704300539435623,"{""type"":""MultiPoint"",""coordinates"":[]}"
PRCP_CU_GAUGE_V1_0GLB_0_50deg_lnx_20110624_RT,2011-06-24,3.8820083043072495,"{""type"":""MultiPoint"",""coordinates"":[]}"
PRCP_CU_GAUGE_V1_0GLB_0_50deg_lnx_20110625_RT,2011-06-25,5.5778063252611,"{""type"":""MultiPoint"",""coordinates"":[]}"
PRCP_CU_GAUGE_V1_0GLB_0_50deg_lnx_20110626_RT,2011-06-26,7.293142455331811,"{""type"":""MultiPoint"",""coordinates"":[]}"
PRCP_CU_GAUGE_V1_0GLB_0_50deg_lnx_20110627_RT,2011-06-27,36.82783155420362,"{""type"":""MultiPoint"",""coordinates"":[]}"
PRCP_CU_GAUGE_V1_0GLB_0_50deg_lnx_20110628_RT,2011-06-28,2.0514621216939726,"{""type"":""MultiPoint"",""coordinates"":[]}"
PRCP_CU_GAUGE_V1_0GLB_0_50deg_lnx_20110629_RT,2011-06-29,12.823432689215483,"{""type"":""MultiPoint"",""coordinates"":[]}"
PRCP_CU_GAUGE_V1_0GLB_0_50deg_lnx_20110630_RT,2011-06-30,0.23576142924639776,"{""type"":""MultiPoint"",""coordinates"":[]}"
PRCP_CU_GAUGE_V1_0GLB_0_50deg_lnx_20110701_RT,2011-07-01,1.8627778995141822,"{""type"":""MultiPoint"",""coordinates"":[]}"
PRCP_CU_GAUGE_V1_0GLB_0_50deg_lnx_20110702_RT,2011-07-02,1.2777928003184058,"{""type"":""MultiPoint"",""coordinates"":[]}"
PRCP_CU_GAUGE_V1_0GLB_0_50deg_lnx_20110703_RT,2011-07-03,43.320791398856045,"{""type"":""MultiPoint"",""coordinates"":[]}"
PRCP_CU_GAUGE_V1_0GLB_0_50deg_lnx_20110704_RT,2011-07-04,37.79735048990643,"{""type"":""MultiPoint"",""coordinates"":[]}"
PRCP_CU_GAUGE_V1_0GLB_0_50deg_lnx_20110705_RT,2011-07-05,0.12792936026633162,"{""type"":""MultiPoint"",""coordinates"":[]}"
PRCP_CU_GAUGE_V1_0GLB_0_50deg_lnx_20110706_RT,2011-07-06,39.805914653952975,"{""type"":""MultiPoint"",""coordinates"":[]}"
PRCP_CU_GAUGE_V1_0GLB_0_50deg_lnx_20110707_RT,2011-07-07,122.70173293489208,"{""type"":""MultiPoint"",""coordinates"":[]}"
PRCP_CU_GAUGE_V1_0GLB_0_50deg_lnx_20110708_RT,2011-07-08,11.460131775388385,"{""type"":""MultiPoint"",""coordinates"":[]}"
PRCP_CU_GAUGE_V1_0GLB_0_50deg_lnx_20110709_RT,2011-07-09,8.772419179628475,"{""type"":""MultiPoint"",""coordinates"":[]}"
PRCP_CU_GAUGE_V1_0GLB_0_50deg_lnx_20110710_RT,2011-07-10,9.366843197355458,"{""type"":""MultiPoint"",""coordinates"":[]}"
PRCP_CU_GAUGE_V1_0GLB_0_50deg_lnx_20110711_RT,2011-07-11,13.374441104996933,"{""type"":""MultiPoint"",""coordinates"":[]}"
PRCP_CU_GAUGE_V1_0GLB_0_50deg_lnx_20110712_RT,2011-07-12,0.9511768127896214,"{""type"":""MultiPoint"",""coordinates"":[]}"
PRCP_CU_GAUGE_V1_0GLB_0_50deg_lnx_20110713_RT,2011-07-13,45.45408242443084,"{""type"":""MultiPoint"",""coordinates"":[]}"
PRCP_CU_GAUGE_V1_0GLB_0_50deg_lnx_20110714_RT,2011-07-14,17.026725936424175,"{""type"":""MultiPoint"",""coordinates"":[]}"
PRCP_CU_GAUGE_V1_0GLB_0_50deg_lnx_20110715_RT,2011-07-15,5.653208785117779,"{""type"":""MultiPoint"",""coordinates"":[]}"
PRCP_CU_GAUGE_V1_0GLB_0_50deg_lnx_20110716_RT,2011-07-16,20.954192689706215,"{""type"":""MultiPoint"",""coordinates"":[]}"
PRCP_CU_GAUGE_V1_0GLB_0_50deg_lnx_20110717_RT,2011-07-17,0.02138286131834712,"{""type"":""MultiPoint"",""coordinates"":[]}"
PRCP_CU_GAUGE_V1_0GLB_0_50deg_lnx_20110718_RT,2011-07-18,0.0,"{""type"":""MultiPoint"",""coordinates"":[]}"
PRCP_CU_GAUGE_V1_0GLB_0_50deg_lnx_20110719_RT,2011-07-19,0.0,"{""type"":""MultiPoint"",""coordinates"":[]}"
PRCP_CU_GAUGE_V1_0GLB_0_50deg_lnx_20110720_RT,2011-07-20,0.0,"{""type"":""MultiPoint"",""coordinates"":[]}"
PRCP_CU_GAUGE_V1_0GLB_0_50deg_lnx_20110721_RT,2011-07-21,11.973155931315695,"{""type"":""MultiPoint"",""coordinates"":[]}"
PRCP_CU_GAUGE_V1_0GLB_0_50deg_lnx_20110722_RT,2011-07-22,34.009879001068136,"{""type"":""MultiPoint"",""coordinates"":[]}"
PRCP_CU_GAUGE_V1_0GLB_0_50deg_lnx_20110723_RT,2011-07-23,6.242609451948865,"{""type"":""MultiPoint"",""coordinates"":[]}"
PRCP_CU_GAUGE_V1_0GLB_0_50deg_lnx_20110724_RT,2011-07-24,17.85297638189963,"{""type"":""MultiPoint"",""coordinates"":[]}"
PRCP_CU_GAUGE_V1_0GLB_0_50deg_lnx_20110725_RT,2011-07-25,67.69455599434133,"{""type"":""MultiPoint"",""coordinates"":[]}"
PRCP_CU_GAUGE_V1_0GLB_0_50deg_lnx_20110726_RT,2011-07-26,5.441159504298498,"{""type"":""MultiPoint"",""coordinates"":[]}"
PRCP_CU_GAUGE_V1_0GLB_0_50deg_lnx_20110727_RT,2011-07-27,0.10880208744667555,"{""type"":""MultiPoint"",""coordinates"":[]}"
PRCP_CU_GAUGE_V1_0GLB_0_50deg_lnx_20110728_RT,2011-07-28,32.129296387380506,"{""type"":""MultiPoint"",""coordinates"":[]}"
PRCP_CU_GAUGE_V1_0GLB_0_50deg_lnx_20110729_RT,2011-07-29,72.8081832052728,"{""type"":""MultiPoint"",""coordinates"":[]}"
PRCP_CU_GAUGE_V1_0GLB_0_50deg_lnx_20110730_RT,2011-07-30,19.48130785106295,"{""type"":""MultiPoint"",""coordinates"":[]}"
PRCP_CU_GAUGE_V1_0GLB_0_50deg_lnx_20110731_RT,2011-07-31,8.643074270613385,"{""type"":""MultiPoint"",""coordinates"":[]}"
PRCP_CU_GAUGE_V1_0GLB_0_50deg_lnx_20110801_RT,2011-08-01,5.966933425450087,"{""type"":""MultiPoint"",""coordinates"":[]}"
PRCP_CU_GAUGE_V1_0GLB_0_50deg_lnx_20110802_RT,2011-08-02,0.12727404229685638,"{""type"":""MultiPoint"",""coordinates"":[]}"
PRCP_CU_GAUGE_V1_0GLB_0_50deg_lnx_20110803_RT,2011-08-03,43.357091502306446,"{""type"":""MultiPoint"",""coordinates"":[]}"
PRCP_CU_GAUGE_V1_0GLB_0_50deg_lnx_20110804_RT,2011-08-04,98.18295980010465,"{""type"":""MultiPoint"",""coordinates"":[]}"
PRCP_CU_GAUGE_V1_0GLB_0_50deg_lnx_20110805_RT,2011-08-05,118.05478111062573,"{""type"":""MultiPoint"",""coordinates"":[]}"
PRCP_CU_GAUGE_V1_0GLB_0_50deg_lnx_20110806_RT,2011-08-06,28.871548833681388,"{""type"":""MultiPoint"",""coordinates"":[]}"
PRCP_CU_GAUGE_V1_0GLB_0_50deg_lnx_20110807_RT,2011-08-07,5.810501871044182,"{""type"":""MultiPoint"",""coordinates"":[]}"
PRCP_CU_GAUGE_V1_0GLB_0_50deg_lnx_20110808_RT,2011-08-08,61.4979317140485,"{""type"":""MultiPoint"",""coordinates"":[]}"
PRCP_CU_GAUGE_V1_0GLB_0_50deg_lnx_20110809_RT,2011-08-09,36.94641594859844,"{""type"":""MultiPoint"",""coordinates"":[]}"
PRCP_CU_GAUGE_V1_0GLB_0_50deg_lnx_20110810_RT,2011-08-10,85.57286556566106,"{""type"":""MultiPoint"",""coordinates"":[]}"
PRCP_CU_GAUGE_V1_0GLB_0_50deg_lnx_20110811_RT,2011-08-11,34.901444465324104,"{""type"":""MultiPoint"",""coordinates"":[]}"
PRCP_CU_GAUGE_V1_0GLB_0_50deg_lnx_20110812_RT,2011-08-12,6.485696948071365,"{""type"":""MultiPoint"",""coordinates"":[]}"
PRCP_CU_GAUGE_V1_0GLB_0_50deg_lnx_20110813_RT,2011-08-13,86.25722180372111,"{""type"":""MultiPoint"",""coordinates"":[]}"
PRCP_CU_GAUGE_V1_0GLB_0_50deg_lnx_20110814_RT,2011-08-14,0.03167676776487239,"{""type"":""MultiPoint"",""coordinates"":[]}"
PRCP_CU_GAUGE_V1_0GLB_0_50deg_lnx_20110815_RT,2011-08-15,29.402686608013497,"{""type"":""MultiPoint"",""coordinates"":[]}"
PRCP_CU_GAUGE_V1_0GLB_0_50deg_lnx_20110816_RT,2011-08-16,15.21306124411735,"{""type"":""MultiPoint"",""coordinates"":[]}"
PRCP_CU_GAUGE_V1_0GLB_0_50deg_lnx_20110817_RT,2011-08-17,9.257937282295778,"{""type"":""MultiPoint"",""coordinates"":[]}"
PRCP_CU_GAUGE_V1_0GLB_0_50deg_lnx_20110818_RT,2011-08-18,8.292709390263134,"{""type"":""MultiPoint"",""coordinates"":[]}"
PRCP_CU_GAUGE_V1_0GLB_0_50deg_lnx_20110819_RT,2011-08-19,36.831252823039755,"{""type"":""MultiPoint"",""coordinates"":[]}"
PRCP_CU_GAUGE_V1_0GLB_0_50deg_lnx_20110820_RT,2011-08-20,73.22768814907334,"{""type"":""MultiPoint"",""coordinates"":[]}"
PRCP_CU_GAUGE_V1_0GLB_0_50deg_lnx_20110821_RT,2011-08-21,2.543541428673366,"{""type"":""MultiPoint"",""coordinates"":[]}"
PRCP_CU_GAUGE_V1_0GLB_0_50deg_lnx_20110822_RT,2011-08-22,10.805490203787635,"{""type"":""MultiPoint"",""coordinates"":[]}"
PRCP_CU_GAUGE_V1_0GLB_0_50deg_lnx_20110823_RT,2011-08-23,11.918551387213718,"{""type"":""MultiPoint"",""coordinates"":[]}"
PRCP_CU_GAUGE_V1_0GLB_0_50deg_lnx_20110824_RT,2011-08-24,0.6554141386329331,"{""type"":""MultiPoint"",""coordinates"":[]}"
PRCP_CU_GAUGE_V1_0GLB_0_50deg_lnx_20110825_RT,2011-08-25,0.010169706590013376,"{""type"":""MultiPoint"",""coordinates"":[]}"
PRCP_CU_GAUGE_V1_0GLB_0_50deg_lnx_20110826_RT,2011-08-26,0.4847508378304847,"{""type"":""MultiPoint"",""coordinates"":[]}"
PRCP_CU_GAUGE_V1_0GLB_0_50deg_lnx_20110827_RT,2011-08-27,8.87186585506612,"{""type"":""MultiPoint"",""coordinates"":[]}"
PRCP_CU_GAUGE_V1_0GLB_0_50deg_lnx_20110828_RT,2011-08-28,0.08944089696483312,"{""type"":""MultiPoint"",""coordinates"":[]}"
PRCP_CU_GAUGE_V1_0GLB_0_50deg_lnx_20110829_RT,2011-08-29,4.686776063546015,"{""type"":""MultiPoint"",""coordinates"":[]}"
PRCP_CU_GAUGE_V1_0GLB_0_50deg_lnx_20110830_RT,2011-08-30,45.12767856448119,"{""type"":""MultiPoint"",""coordinates"":[]}"
PRCP_CU_GAUGE_V1_0GLB_0_50deg_lnx_20110831_RT,2011-08-31,4.359066267059856,"{""type"":""MultiPoint"",""coordinates"":[]}"
PRCP_CU_GAUGE_V1_0GLB_0_50deg_lnx_20110901_RT,2011-09-01,0.17221417223406213,"{""type"":""MultiPoint"",""coordinates"":[]}"
PRCP_CU_GAUGE_V1_0GLB_0_50deg_lnx_20110902_RT,2011-09-02,0.1490449654455304,"{""type"":""MultiPoint"",""coordinates"":[]}"
PRCP_CU_GAUGE_V1_0GLB_0_50deg_lnx_20110903_RT,2011-09-03,7.646270125903944,"{""type"":""MultiPoint"",""coordinates"":[]}"
PRCP_CU_GAUGE_V1_0GLB_0_50deg_lnx_20110904_RT,2011-09-04,26.04007423692815,"{""type"":""MultiPoint"",""coordinates"":[]}"
PRCP_CU_GAUGE_V1_0GLB_0_50deg_lnx_20110905_RT,2011-09-05,0.2686141090073265,"{""type"":""MultiPoint"",""coordinates"":[]}"
PRCP_CU_GAUGE_V1_0GLB_0_50deg_lnx_20110906_RT,2011-09-06,0.0,"{""type"":""MultiPoint"",""coordinates"":[]}"
PRCP_CU_GAUGE_V1_0GLB_0_50deg_lnx_20110907_RT,2011-09-07,0.9900896346029022,"{""type"":""MultiPoint"",""coordinates"":[]}"
PRCP_CU_GAUGE_V1_0GLB_0_50deg_lnx_20110908_RT,2011-09-08,2.751352162883894,"{""type"":""MultiPoint"",""coordinates"":[]}"
PRCP_CU_GAUGE_V1_0GLB_0_50deg_lnx_20110909_RT,2011-09-09,0.058100215361854314,"{""type"":""MultiPoint"",""coordinates"":[]}"
PRCP_CU_GAUGE_V1_0GLB_0_50deg_lnx_20110910_RT,2011-09-10,19.367555555659298,"{""type"":""MultiPoint"",""coordinates"":[]}"
PRCP_CU_GAUGE_V1_0GLB_0_50deg_lnx_20110911_RT,2011-09-11,6.512989018175546,"{""type"":""MultiPoint"",""coordinates"":[]}"
PRCP_CU_GAUGE_V1_0GLB_0_50deg_lnx_20110912_RT,2011-09-12,0.008371338991106416,"{""type"":""MultiPoint"",""coordinates"":[]}"
PRCP_CU_GAUGE_V1_0GLB_0_50deg_lnx_20110913_RT,2011-09-13,0.023105026608805458,"{""type"":""MultiPoint"",""coordinates"":[]}"
PRCP_CU_GAUGE_V1_0GLB_0_50deg_lnx_20110914_RT,2011-09-14,14.66056080182032,"{""type"":""MultiPoint"",""coordinates"":[]}"
PRCP_CU_GAUGE_V1_0GLB_0_50deg_lnx_20110915_RT,2011-09-15,14.221878763898504,"{""type"":""MultiPoint"",""coordinates"":[]}"
PRCP_CU_GAUGE_V1_0GLB_0_50deg_lnx_20110916_RT,2011-09-16,15.283542926815135,"{""type"":""MultiPoint"",""coordinates"":[]}"
PRCP_CU_GAUGE_V1_0GLB_0_50deg_lnx_20110917_RT,2011-09-17,37.93930543895743,"{""type"":""MultiPoint"",""coordinates"":[]}"
PRCP_CU_GAUGE_V1_0GLB_0_50deg_lnx_20110918_RT,2011-09-18,169.14109972166096,"{""type"":""MultiPoint"",""coordinates"":[]}"
PRCP_CU_GAUGE_V1_0GLB_0_50deg_lnx_20110919_RT,2011-09-19,17.271731836459594,"{""type"":""MultiPoint"",""coordinates"":[]}"
PRCP_CU_GAUGE_V1_0GLB_0_50deg_lnx_20110920_RT,2011-09-20,0.22386325117994568,"{""type"":""MultiPoint"",""coordinates"":[]}"
PRCP_CU_GAUGE_V1_0GLB_0_50deg_lnx_20110921_RT,2011-09-21,1.4450860047427503,"{""type"":""MultiPoint"",""coordinates"":[]}"
PRCP_CU_GAUGE_V1_0GLB_0_50deg_lnx_20110922_RT,2011-09-22,15.126934643905976,"{""type"":""MultiPoint"",""coordinates"":[]}"
PRCP_CU_GAUGE_V1_0GLB_0_50deg_lnx_20110923_RT,2011-09-23,1.490737966770929,"{""type"":""MultiPoint"",""coordinates"":[]}"
PRCP_CU_GAUGE_V1_0GLB_0_50deg_lnx_20110924_RT,2011-09-24,0.0,"{""type"":""MultiPoint"",""coordinates"":[]}"
PRCP_CU_GAUGE_V1_0GLB_0_50deg_lnx_20110925_RT,2011-09-25,0.0035846769705509623,"{""type"":""MultiPoint"",""coordinates"":[]}"
PRCP_CU_GAUGE_V1_0GLB_0_50deg_lnx_20110926_RT,2011-09-26,0.0,"{""type"":""MultiPoint"",""coordinates"":[]}"
PRCP_CU_GAUGE_V1_0GLB_0_50deg_lnx_20110927_RT,2011-09-27,0.0024665500990405783,"{""type"":""MultiPoint"",""coordinates"":[]}"
PRCP_CU_GAUGE_V1_0GLB_0_50deg_lnx_20110928_RT,2011-09-28,0.0,"{""type"":""MultiPoint"",""coordinates"":[]}"
PRCP_CU_GAUGE_V1_0GLB_0_50deg_lnx_20110929_RT,2011-09-29,0.0,"{""type"":""MultiPoint"",""coordinates"":[]}"
PRCP_CU_GAUGE_V1_0GLB_0_50deg_lnx_20110930_RT,2011-09-30,0.013182212238802157,"{""type"":""MultiPoint"",""coordinates"":[]}"
PRCP_CU_GAUGE_V1_0GLB_0_50deg_lnx_20111001_RT,2011-10-01,0.030396839104927482,"{""type"":""MultiPoint"",""coordinates"":[]}"
PRCP_CU_GAUGE_V1_0GLB_0_50deg_lnx_20111002_RT,2011-10-02,0.0,"{""type"":""MultiPoint"",""coordinates"":[]}"
PRCP_CU_GAUGE_V1_0GLB_0_50deg_lnx_20111003_RT,2011-10-03,0.0,"{""type"":""MultiPoint"",""coordinates"":[]}"
PRCP_CU_GAUGE_V1_0GLB_0_50deg_lnx_20111004_RT,2011-10-04,9.196274784833425E-4,"{""type"":""MultiPoint"",""coordinates"":[]}"
PRCP_CU_GAUGE_V1_0GLB_0_50deg_lnx_20111005_RT,2011-10-05,0.0,"{""type"":""MultiPoint"",""coordinates"":[]}"
PRCP_CU_GAUGE_V1_0GLB_0_50deg_lnx_20111006_RT,2011-10-06,3.36168173230342,"{""type"":""MultiPoint"",""coordinates"":[]}"
PRCP_CU_GAUGE_V1_0GLB_0_50deg_lnx_20111007_RT,2011-10-07,27.21826926879882,"{""type"":""MultiPoint"",""coordinates"":[]}"
PRCP_CU_GAUGE_V1_0GLB_0_50deg_lnx_20111008_RT,2011-10-08,109.23368096153213,"{""type"":""MultiPoint"",""coordinates"":[]}"
PRCP_CU_GAUGE_V1_0GLB_0_50deg_lnx_20111009_RT,2011-10-09,84.19543315557465,"{""type"":""MultiPoint"",""coordinates"":[]}"
PRCP_CU_GAUGE_V1_0GLB_0_50deg_lnx_20111010_RT,2011-10-10,100.62809317360129,"{""type"":""MultiPoint"",""coordinates"":[]}"
PRCP_CU_GAUGE_V1_0GLB_0_50deg_lnx_20111011_RT,2011-10-11,3.661749431950772,"{""type"":""MultiPoint"",""coordinates"":[]}"
PRCP_CU_GAUGE_V1_0GLB_0_50deg_lnx_20111012_RT,2011-10-12,15.834595311235,"{""type"":""MultiPoint"",""coordinates"":[]}"
PRCP_CU_GAUGE_V1_0GLB_0_50deg_lnx_20111013_RT,2011-10-13,2.6713972204519068,"{""type"":""MultiPoint"",""coordinates"":[]}"
PRCP_CU_GAUGE_V1_0GLB_0_50deg_lnx_20111014_RT,2011-10-14,0.0,"{""type"":""MultiPoint"",""coordinates"":[]}"
PRCP_CU_GAUGE_V1_0GLB_0_50deg_lnx_20111015_RT,2011-10-15,0.041426524606764735,"{""type"":""MultiPoint"",""coordinates"":[]}"
PRCP_CU_GAUGE_V1_0GLB_0_50deg_lnx_20111016_RT,2011-10-16,0.0,"{""type"":""MultiPoint"",""coordinates"":[]}"
PRCP_CU_GAUGE_V1_0GLB_0_50deg_lnx_20111017_RT,2011-10-17,0.0,"{""type"":""MultiPoint"",""coordinates"":[]}"
PRCP_CU_GAUGE_V1_0GLB_0_50deg_lnx_20111018_RT,2011-10-18,25.086857295765533,"{""type"":""MultiPoint"",""coordinates"":[]}"
PRCP_CU_GAUGE_V1_0GLB_0_50deg_lnx_20111019_RT,2011-10-19,0.10260490184045423,"{""type"":""MultiPoint"",""coordinates"":[]}"
PRCP_CU_GAUGE_V1_0GLB_0_50deg_lnx_20111020_RT,2011-10-20,0.0929754445419326,"{""type"":""MultiPoint"",""coordinates"":[]}"
PRCP_CU_GAUGE_V1_0GLB_0_50deg_lnx_20111021_RT,2011-10-21,0.0046419744228425285,"{""type"":""MultiPoint"",""coordinates"":[]}"
PRCP_CU_GAUGE_V1_0GLB_0_50deg_lnx_20111022_RT,2011-10-22,0.0,"{""type"":""MultiPoint"",""coordinates"":[]}"
PRCP_CU_GAUGE_V1_0GLB_0_50deg_lnx_20111023_RT,2011-10-23,1.0545932958743436,"{""type"":""MultiPoint"",""coordinates"":[]}"
PRCP_CU_GAUGE_V1_0GLB_0_50deg_lnx_20111024_RT,2011-10-24,0.003282460516091046,"{""type"":""MultiPoint"",""coordinates"":[]}"
PRCP_CU_GAUGE_V1_0GLB_0_50deg_lnx_20111025_RT,2011-10-25,0.0036178238053263265,"{""type"":""MultiPoint"",""coordinates"":[]}"
PRCP_CU_GAUGE_V1_0GLB_0_50deg_lnx_20111026_RT,2011-10-26,5.510916460357893,"{""type"":""MultiPoint"",""coordinates"":[]}"
PRCP_CU_GAUGE_V1_0GLB_0_50deg_lnx_20111027_RT,2011-10-27,11.64632064945335,"{""type"":""MultiPoint"",""coordinates"":[]}"
PRCP_CU_GAUGE_V1_0GLB_0_50deg_lnx_20111028_RT,2011-10-28,0.1300395091189447,"{""type"":""MultiPoint"",""coordinates"":[]}"
PRCP_CU_GAUGE_V1_0GLB_0_50deg_lnx_20111029_RT,2011-10-29,0.016300506970652183,"{""type"":""MultiPoint"",""coordinates"":[]}"
PRCP_CU_GAUGE_V1_0GLB_0_50deg_lnx_20111030_RT,2011-10-30,0.002148324079089428,"{""type"":""MultiPoint"",""coordinates"":[]}"
PRCP_CU_GAUGE_V1_0GLB_0_50deg_lnx_20111031_RT,2011-10-31,0.0,"{""type"":""MultiPoint"",""coordinates"":[]}"
PRCP_CU_GAUGE_V1_0GLB_0_50deg_lnx_20111101_RT,2011-11-01,0.0,"{""type"":""MultiPoint"",""coordinates"":[]}"
PRCP_CU_GAUGE_V1_0GLB_0_50deg_lnx_20111102_RT,2011-11-02,1.6418921991008328,"{""type"":""MultiPoint"",""coordinates"":[]}"
PRCP_CU_GAUGE_V1_0GLB_0_50deg_lnx_20111103_RT,2011-11-03,84.23268593613538,"{""type"":""MultiPoint"",""coordinates"":[]}"
PRCP_CU_GAUGE_V1_0GLB_0_50deg_lnx_20111104_RT,2011-11-04,0.08218676818333152,"{""type"":""MultiPoint"",""coordinates"":[]}"
PRCP_CU_GAUGE_V1_0GLB_0_50deg_lnx_20111105_RT,2011-11-05,0.0,"{""type"":""MultiPoint"",""coordinates"":[]}"
PRCP_CU_GAUGE_V1_0GLB_0_50deg_lnx_20111106_RT,2011-11-06,0.22398603790855767,"{""type"":""MultiPoint"",""coordinates"":[]}"
PRCP_CU_GAUGE_V1_0GLB_0_50deg_lnx_20111107_RT,2011-11-07,3.907058275669564,"{""type"":""MultiPoint"",""coordinates"":[]}"
PRCP_CU_GAUGE_V1_0GLB_0_50deg_lnx_20111108_RT,2011-11-08,285.68512438301934,"{""type"":""MultiPoint"",""coordinates"":[]}"
PRCP_CU_GAUGE_V1_0GLB_0_50deg_lnx_20111109_RT,2011-11-09,128.85770709355572,"{""type"":""MultiPoint"",""coordinates"":[]}"
PRCP_CU_GAUGE_V1_0GLB_0_50deg_lnx_20111110_RT,2011-11-10,1.138761755815538,"{""type"":""MultiPoint"",""coordinates"":[]}"
PRCP_CU_GAUGE_V1_0GLB_0_50deg_lnx_20111111_RT,2011-11-11,1.039347681572039,"{""type"":""MultiPoint"",""coordinates"":[]}"
PRCP_CU_GAUGE_V1_0GLB_0_50deg_lnx_20111112_RT,2011-11-12,0.0,"{""type"":""MultiPoint"",""coordinates"":[]}"
PRCP_CU_GAUGE_V1_0GLB_0_50deg_lnx_20111113_RT,2011-11-13,8.446263682304619E-4,"{""type"":""MultiPoint"",""coordinates"":[]}"
PRCP_CU_GAUGE_V1_0GLB_0_50deg_lnx_20111114_RT,2011-11-14,0.0,"{""type"":""MultiPoint"",""coordinates"":[]}"
PRCP_CU_GAUGE_V1_0GLB_0_50deg_lnx_20111115_RT,2011-11-15,0.10744722458339961,"{""type"":""MultiPoint"",""coordinates"":[]}"
PRCP_CU_GAUGE_V1_0GLB_0_50deg_lnx_20111116_RT,2011-11-16,0.4081609089120902,"{""type"":""MultiPoint"",""coordinates"":[]}"
PRCP_CU_GAUGE_V1_0GLB_0_50deg_lnx_20111117_RT,2011-11-17,2.6084736519060856,"{""type"":""MultiPoint"",""coordinates"":[]}"
PRCP_CU_GAUGE_V1_0GLB_0_50deg_lnx_20111118_RT,2011-11-18,0.01858411448427586,"{""type"":""MultiPoint"",""coordinates"":[]}"
PRCP_CU_GAUGE_V1_0GLB_0_50deg_lnx_20111119_RT,2011-11-19,0.5461535052014158,"{""type"":""MultiPoint"",""coordinates"":[]}"
PRCP_CU_GAUGE_V1_0GLB_0_50deg_lnx_20111120_RT,2011-11-20,1.155041878000349,"{""type"":""MultiPoint"",""coordinates"":[]}"
PRCP_CU_GAUGE_V1_0GLB_0_50deg_lnx_20111121_RT,2011-11-21,0.3344639414970002,"{""type"":""MultiPoint"",""coordinates"":[]}"
PRCP_CU_GAUGE_V1_0GLB_0_50deg_lnx_20111122_RT,2011-11-22,37.334434732154776,"{""type"":""MultiPoint"",""coordinates"":[]}"
PRCP_CU_GAUGE_V1_0GLB_0_50deg_lnx_20111123_RT,2011-11-23,1.177719117589091,"{""type"":""MultiPoint"",""coordinates"":[]}"
PRCP_CU_GAUGE_V1_0GLB_0_50deg_lnx_20111124_RT,2011-11-24,0.11892255677093487,"{""type"":""MultiPoint"",""coordinates"":[]}"
PRCP_CU_GAUGE_V1_0GLB_0_50deg_lnx_20111125_RT,2011-11-25,0.4690873671159726,"{""type"":""MultiPoint"",""coordinates"":[]}"
PRCP_CU_GAUGE_V1_0GLB_0_50deg_lnx_20111126_RT,2011-11-26,115.55733005936038,"{""type"":""MultiPoint"",""coordinates"":[]}"
PRCP_CU_GAUGE_V1_0GLB_0_50deg_lnx_20111127_RT,2011-11-27,17.370985686443,"{""type"":""MultiPoint"",""coordinates"":[]}"
PRCP_CU_GAUGE_V1_0GLB_0_50deg_lnx_20111128_RT,2011-11-28,0.0,"{""type"":""MultiPoint"",""coordinates"":[]}"
PRCP_CU_GAUGE_V1_0GLB_0_50deg_lnx_20111129_RT,2011-11-29,0.5098968503785798,"{""type"":""MultiPoint"",""coordinates"":[]}"
PRCP_CU_GAUGE_V1_0GLB_0_50deg_lnx_20111130_RT,2011-11-30,1.9309098423181983,"{""type"":""MultiPoint"",""coordinates"":[]}"
PRCP_CU_GAUGE_V1_0GLB_0_50deg_lnx_20111201_RT,2011-12-01,1.6241713289288695,"{""type"":""MultiPoint"",""coordinates"":[]}"
PRCP_CU_GAUGE_V1_0GLB_0_50deg_lnx_20111202_RT,2011-12-02,0.0,"{""type"":""MultiPoint"",""coordinates"":[]}"
PRCP_CU_GAUGE_V1_0GLB_0_50deg_lnx_20111203_RT,2011-12-03,81.46703530216193,"{""type"":""MultiPoint"",""coordinates"":[]}"
PRCP_CU_GAUGE_V1_0GLB_0_50deg_lnx_20111204_RT,2011-12-04,116.87416864448329,"{""type"":""MultiPoint"",""coordinates"":[]}"
PRCP_CU_GAUGE_V1_0GLB_0_50deg_lnx_20111205_RT,2011-12-05,1.3606872182530823,"{""type"":""MultiPoint"",""coordinates"":[]}"
PRCP_CU_GAUGE_V1_0GLB_0_50deg_lnx_20111206_RT,2011-12-06,0.690341745953084,"{""type"":""MultiPoint"",""coordinates"":[]}"
PRCP_CU_GAUGE_V1_0GLB_0_50deg_lnx_20111207_RT,2011-12-07,0.0742408796593094,"{""type"":""MultiPoint"",""coordinates"":[]}"
PRCP_CU_GAUGE_V1_0GLB_0_50deg_lnx_20111208_RT,2011-12-08,0.5882948509026757,"{""type"":""MultiPoint"",""coordinates"":[]}"
PRCP_CU_GAUGE_V1_0GLB_0_50deg_lnx_20111209_RT,2011-12-09,0.08776350525139928,"{""type"":""MultiPoint"",""coordinates"":[]}"
PRCP_CU_GAUGE_V1_0GLB_0_50deg_lnx_20111210_RT,2011-12-10,0.03354755044384279,"{""type"":""MultiPoint"",""coordinates"":[]}"
PRCP_CU_GAUGE_V1_0GLB_0_50deg_lnx_20111211_RT,2011-12-11,0.05756411106823955,"{""type"":""MultiPoint"",""coordinates"":[]}"
PRCP_CU_GAUGE_V1_0GLB_0_50deg_lnx_20111212_RT,2011-12-12,0.5948597361335921,"{""type"":""MultiPoint"",""coordinates"":[]}"
PRCP_CU_GAUGE_V1_0GLB_0_50deg_lnx_20111213_RT,2011-12-13,5.636308866824648,"{""type"":""MultiPoint"",""coordinates"":[]}"
PRCP_CU_GAUGE_V1_0GLB_0_50deg_lnx_20111214_RT,2011-12-14,83.68538633611807,"{""type"":""MultiPoint"",""coordinates"":[]}"
PRCP_CU_GAUGE_V1_0GLB_0_50deg_lnx_20111215_RT,2011-12-15,20.521065224800783,"{""type"":""MultiPoint"",""coordinates"":[]}"
PRCP_CU_GAUGE_V1_0GLB_0_50deg_lnx_20111216_RT,2011-12-16,0.19190461066104172,"{""type"":""MultiPoint"",""coordinates"":[]}"
PRCP_CU_GAUGE_V1_0GLB_0_50deg_lnx_20111217_RT,2011-12-17,0.0,"{""type"":""MultiPoint"",""coordinates"":[]}"
PRCP_CU_GAUGE_V1_0GLB_0_50deg_lnx_20111218_RT,2011-12-18,5.826953921116682E-4,"{""type"":""MultiPoint"",""coordinates"":[]}"
PRCP_CU_GAUGE_V1_0GLB_0_50deg_lnx_20111219_RT,2011-12-19,1.8698267781776148,"{""type"":""MultiPoint"",""coordinates"":[]}"
PRCP_CU_GAUGE_V1_0GLB_0_50deg_lnx_20111220_RT,2011-12-20,270.5435650754159,"{""type"":""MultiPoint"",""coordinates"":[]}"
PRCP_CU_GAUGE_V1_0GLB_0_50deg_lnx_20111221_RT,2011-12-21,14.267714930027733,"{""type"":""MultiPoint"",""coordinates"":[]}"
PRCP_CU_GAUGE_V1_0GLB_0_50deg_lnx_20111222_RT,2011-12-22,4.977715404280513,"{""type"":""MultiPoint"",""coordinates"":[]}"
PRCP_CU_GAUGE_V1_0GLB_0_50deg_lnx_20111223_RT,2011-12-23,1.487361474042328,"{""type"":""MultiPoint"",""coordinates"":[]}"
PRCP_CU_GAUGE_V1_0GLB_0_50deg_lnx_20111224_RT,2011-12-24,0.006825346584855777,"{""type"":""MultiPoint"",""coordinates"":[]}"
PRCP_CU_GAUGE_V1_0GLB_0_50deg_lnx_20111225_RT,2011-12-25,0.5597593692477633,"{""type"":""MultiPoint"",""coordinates"":[]}"
PRCP_CU_GAUGE_V1_0GLB_0_50deg_lnx_20111226_RT,2011-12-26,1.2522261598550193,"{""type"":""MultiPoint"",""coordinates"":[]}"
PRCP_CU_GAUGE_V1_0GLB_0_50deg_lnx_20111227_RT,2011-12-27,0.4989286931715106,"{""type"":""MultiPoint"",""coordinates"":[]}"
PRCP_CU_GAUGE_V1_0GLB_0_50deg_lnx_20111228_RT,2011-12-28,0.0,"{""type"":""MultiPoint"",""coordinates"":[]}"
PRCP_CU_GAUGE_V1_0GLB_0_50deg_lnx_20111229_RT,2011-12-29,0.002379275388774514,"{""type"":""MultiPoint"",""coordinates"":[]}"
PRCP_CU_GAUGE_V1_0GLB_0_50deg_lnx_20111230_RT,2011-12-30,0.20176314947881005,"{""type"":""MultiPoint"",""coordinates"":[]}"
PRCP_CU_GAUGE_V1_0GLB_0_50deg_lnx_20111231_RT,2011-12-31,0.0,"{""type"":""MultiPoint"",""coordinates"":[]}"
